Text,URL
Not a member? Register,signup.html
Log In | Register,#
Close Panel,#
,/
Google,"javascript:expandtabs('tab00','tab0')"
VisitMyPhilippines,"javascript:expandtabs('tab0','tab00')"
,"javascript:expandtabs('tab00','tab0')"
Google,"javascript:expandtabs('tab00','tab0')"
VisitMyPhilippines,"javascript:expandtabs('tab0','tab00')"
Home,index_php.html
SELECT A REGION,index_title_VisitMyPhilippines_func_all_Page_1.html
Be Accredited,index_title_BEACCREDITED_func_all_pid_2689_tbl_1.html
Are you Accredited?,http://accreditationonline.tourism.gov.ph/Pages/Portal/PortalListEstablishments.aspx
New Standards Hotel,http://accreditationonline.tourism.gov.ph/Downloadables/Standards/Standards_Hotel.pdf
New Standards Resorts,http://accreditationonline.tourism.gov.ph/Downloadables/Standards/Standards_Resort.pdf
New Standards Apartment Hotel,http://accreditationonline.tourism.gov.ph/Downloadables/Standards/Standards_Apartment_Hotel.pdf
Standards for all Establishments,http://accreditationonline.tourism.gov.ph/Standards.aspx
CLICK HERE FOR QUICKVIEW,http://accreditationonline.tourism.gov.ph/Standards.aspx
Q & A on Star Rating system,index_title_Q_AontheNewStarRatingSystemofDOT_func_all_pid_4072_tbl_1.html
Presentation - New Star Rating System,index_title_UnderstandingtheNewStarRatingSystem_func_all_pid_4076_tbl_1.html
Progressive Accreditation for Entities,index_title_ProgressiveAccreditationSystemforTourismEnterprises_func_all_pid_4555_tbl_1.html
Hi-Res Photos,index_title_CLICKHEREFORHIRESPHOTOS_func_all_pid_1916_tbl_1.html
Planning your Tourism Product by RD Tiotuico,index_title_PlanningyourTourismProductbyRDTiotuico_func_all_pid_12735_tbl_0.html
Tourism Guidebook on LGU Tourism Plan,index_title_TourismGuidebookonLGUTourismPlan_func_all_pid_4569_tbl_1.html
Central Luzon Action Plan,index_title_CentralLuzonTourismActionPlan2013-2016byRDCR3_func_all_pid_10610_tbl_0.html
Register-FREE,signup.html
Contact Us,contactus.html
View Your Account,mydot.html
My Profile,memberprofile.html
View My Advertisement,memberads.html
Post My Advertisement,memberads_func_addMenu.html
View My Forum Comments,memberforum.html
Sitemap,/
LEGAL ADVICE,http://www.chuatinsayvega.com/
Benjamin Niquet,https://benstravelsite.wordpress.com/category/philippines/
Trixia Salonga,http://www.reshadollyprincess.com/2015/10/big-byte-northern-food-festival-at.html
Moses Gonzales,https://mosesgonzales.blogspot.com/
Authentic Food Quest,http://www.authenticfoodquest.com/
Business Sales Missions Abroad,http://tpb.gov.ph/north-east-asia-promotions-and-marketing-activites/
MICE Calendar Local and International,http://tpb.gov.ph/eventcategory/international/?tpb_year=2016
Road Projects 2018,index_title_DOT-DPWHRoadProjects2018_func_all_pid_12090_tbl_0.html
Farm Tourism,index_title_FarmTourismExpo2016_func_all_pid_12100_tbl_0.html
Food Quest,http://www.authenticfoodquest.com/
tieza.gov.ph,http://tieza.gov.ph/tez-projects/how-to-apply/
Hotel Security,index_title_SeminarforHotelSafetyandSecurity_func_all_pid_12695_tbl_0.html
Crisis ComPlan,index_title_ASEANCrisisComPlan_func_all_pid_4486_tbl_1.html
ASEAN Green Award,index_title_ASEANGreenHotelAward2018_func_all_pid_4489_tbl_1.html
CL Convention Video,https://www.youtube.com/watch?v=D0NzfBQeq6c
Tourism Creates Jobs,https://www.facebook.com/DepartmentOfTourism/videos/1803287026364828/
ASEAN Tourism Awards,index_title_ASEANTourismStandards_func_all_pid_4572_tbl_1.html
New Accreditation System,index_title_NewAccreditationSystem_func_all_pid_4574_tbl_1.html
Manila Call for Action,index_title_ManilaCallforAction_func_all_pid_4582_tbl_1.html
NTDP 2016-2022 M & E,index_title_NTDP2016-2022_func_all_pid_4599_tbl_1.html
Road Projects 2018,index_title_RoadProjects2018_func_all_pid_4603_tbl_1.html
Bring Home A Friend Online,https://www.bringhomeafriend.online/
NorthPhil Expo 2017,https://www.facebook.com/northphilexpoofficial/videos/1456026984474985/
Home,index_php.html
Go to the Regions,index_title_VisitMyPhilippines_func_all_Page_1.html
Useful Links,/
,javascript:emailForm('http://www.visitmyphilippines.com/index.php?title=UsefulLinks&func=all&pid=13&tbl=1');
,javascript:openForm('title=UsefulLinks&func=all&pid=13&tbl=1');
,index_title_UsefulLinks_func_all_pid_13_tbl_1_view_rss.html
Enlarge,#
Its More Fun Homepage (1),index_title_ItsMoreFunHomepage_func_all_pid_127_tbl_1.html
Enlarge,#
Department of Tourism (1),index_title_DepartmentofTourism_func_all_pid_14_tbl_1.html
Enlarge,#
President Aquino Homepage (1),index_title_PresidentAquinoHomepage_func_all_pid_130_tbl_1.html
Enlarge,#
Tourism Canada (1),index_title_TourismCanada_func_all_pid_1206_tbl_1.html
Enlarge,images/ads/backup/253f10809df9be782ca2a5f172cab8d0.jpg
Travelling the Philippines.Com (1),index_title_TravellingthePhilippines-Com_func_all_pid_15_tbl_1.html
Enlarge,#
Phil. Tourism Infrastructure and Enterprise Authority (1),index_title_Phil-TourismInfrastructureandEnterpriseAuthority_func_all_pid_63_tbl_1.html
Enlarge,#
Tourism Promotions Board (1),index_title_TourismPromotionsBoard_func_all_pid_67_tbl_1.html
Enlarge,images/ads/backup/f43c06582a3b5edde4a646d1113cf104.jpg
Dept. of Foreign Affairs (1),index_title_Dept-ofForeignAffairs_func_all_pid_69_tbl_1.html
Enlarge,images/ads/backup/c6609f76320d515283f11e28cf7fe391.jpg
Dept. of Trade & Industry (1),index_title_Dept-ofTrade_Industry_func_all_pid_71_tbl_1.html
Enlarge,#
Bureau of Investments (1),index_title_BureauofInvestments_func_all_pid_73_tbl_1.html
Enlarge,images/ads/backup/adc075aa252ea29bbca086672b582f90.gif
Statistics & Census Ofc (1),index_title_Statistics_CensusOfc_func_all_pid_125_tbl_1.html
Enlarge,images/ads/backup/a2973e58ce62d539ce02ee1535fe4a78.gif
Natl. Statistical Coord. Board (NSCB) (1),index_title_Natl-StatisticalCoord-Board_NSCB__func_all_pid_715_tbl_1.html
Enlarge,#
Filipino Web Directory (1),index_title_FilipinoWebDirectory_func_all_pid_126_tbl_1.html
Enlarge,images/ads/backup/f4b745c78c05b57560904d98d26c6413.jpg
Philippine Government (1),index_title_PhilippineGovernment_func_all_pid_128_tbl_1.html
Enlarge,#
Subic Bay Freeport (1),index_title_SubicBayFreeport_func_all_pid_1107_tbl_1.html
Enlarge,#
Clark Freeport (Tourism) (1),index_title_ClarkFreeport_Tourism__func_all_pid_129_tbl_1.html
Enlarge,images/ads/backup/1edfffb3d147d338f415af55b897cbbb.jpg
Clark Freeport (Investment) (1),index_title_ClarkFreeport_Investment__func_all_pid_1214_tbl_1.html
Enlarge,images/ads/backup/291b0ed801781b6382ede9fc3807d11d.JPG
Clark Intl. Airport (1),/
Enlarge,images/ads/backup/722bf9425483da5bddc216738040e0a5.gif
Directory of Provinces (1),index_title_DirectoryofProvinces_func_all_pid_169_tbl_1.html
Enlarge,images/ads/backup/34ed2d0586ee02379f9057c77a8d7e7b.jpg
Nature Awareness & Conservation Club (1),index_title_NatureAwareness_ConservationClub_func_all_pid_170_tbl_1.html
User Guide,index_title_UserGuide_func_all_pid_952_tbl_1.html
,javascript:expandform('prg1')
The Philippines,index_title_ThePhilippines_func_all_pid_16_tbl_1.html
,javascript:expandform('prg2')
The Department,index_title_TheDepartment_func_all_pid_121_tbl_1.html
,javascript:expandform('prg3')
ASEAN Crisis Mgt,index_title_ASEANCrisisMgt_func_all_pid_472_tbl_1.html
,javascript:expandform('prg4')
Influenza A(H1N1),index_title_InfluenzaA_H1N1__func_all_pid_2432_tbl_1.html
,javascript:expandform('prg5')
BE ACCREDITED,index_title_BEACCREDITED_func_all_pid_2689_tbl_1.html
,javascript:expandform('prg6')
Planning Workshop,index_title_PlanningWorkshop_func_all_pid_3288_tbl_1.html
Travel Shows,index_title_TravelShows_func_all_pid_3377_tbl_1.html
,javascript:expandform('prg8')
Kulinarya,index_title_Kulinarya_func_all_pid_698_tbl_1.html
,javascript:expandform('prg9')
Invest Now!,index_title_InvestNow__func_all_pid_393_tbl_1.html
,javascript:expandform('prg10')
Visitor Statistics,index_title_VisitorStatistics_func_all_pid_39_tbl_1.html
,javascript:expandform('prg11')
Useful Links,index_title_UsefulLinks_func_all_pid_13_tbl_1.html
Travel Tax,http://tieza.gov.ph/travel-tax/
,javascript:expandform('prg13')
Photo Archives,index_title_PhotoArchives_func_all_pid_306_tbl_1.html
,javascript:expandform('prg14')
e-Library,index_title_e-Library_func_all_pid_322_tbl_1.html
,javascript:expandform('prg15')
Laws|Rules|Codes,index_title_Laws_Rules_Codes_func_all_pid_82_tbl_1.html
Translator,index_title_Translator_func_all_pid_307_tbl_1.html
,javascript:expandform('prg17')
Video Archives,index_title_VideoArchives_func_all_pid_738_tbl_1.html
USA Visa Service,http://www.ctvattys.com/
Books for Sale,index_title_BooksforSale_func_all_pid_1383_tbl_1.html
NTDP 2011-2016,index_title_NationalTourismDevelopmentPlan2011-2016_func_all_pid_3138_tbl_1.html
TEZ Incentives,index_title_TEZIncentives_func_all_pid_2940_tbl_1.html
Phil Nautical Hwy,index_title_StrongRepublicNauticalHighway_func_all_pid_2718_tbl_1.html
Halal Handouts,index_title_HalalHandouts_func_all_pid_3268_tbl_1.html
Immigration Issue?,index_title_ImmigrationIssue__func_all_pid_3387_tbl_1.html
ASEAN MRA,index_title_ASEANMRA_func_all_pid_3503_tbl_1.html
Halal Food,index_title_HalalFood_func_all_pid_4003_tbl_1.html
Rules Travel Agencies,index_title_RulesTravelAgencies_func_all_pid_4325_tbl_1.html
ASEAN MRA for TP,index_title_ASEANMRAforTP_func_all_pid_4335_tbl_1.html
,javascript:expandform('prg29')
TRIPPC 2018,index_title_TRIPPC2018_func_all_pid_4398_tbl_1.html
,javascript:expandform('prg30')
UNWTO Statistics,index_title_UNWTOStatistics_func_all_pid_4447_tbl_1.html
Crisis ComPlan,index_title_CrisisComPlan_func_all_pid_4486_tbl_1.html
ASEAN Standards,index_title_ASEANStandards_func_all_pid_4572_tbl_1.html
Accreditation System,index_title_AccreditationSystem_func_all_pid_4574_tbl_1.html
Manila Call for Action,index_title_ManilaCallforAction_func_all_pid_4582_tbl_1.html
,javascript:expandform('prg35')
NTDP 2016-2022,index_title_NTDP2016-2022_func_all_pid_4599_tbl_1.html
Road Projects 2018,index_title_RoadProjects2018_func_all_pid_4603_tbl_1.html
,http://www.clarkisit.com/
,http://www.dti.gov.ph/
,http://www.angelescity.gov.ph/
,http://www.goharp.org/
,http://crk.clarkairport.com/
,http://maccii.org/en/
Members view all ads:19,memberadslist.html
Manila Weather,http://www.weatherforecastmap.com/philippines/manila/
Manila Time,http://localtimes.info/philippines/manila/
weatherforecastmap,http://www.weatherforecastmap.com/
,signup.html
,mibew169/client_locale_en.html
Home,index_php.html
Contact,contactus.html
My Account,mydot.html
Privacy,privacy.html
Site map,/
Close,#
